Employee ID,First Name,Last Name,Job Title
05231754,aayushi ok,goyal,
6969,Aniket Testing,QA,HR Manager
0525,asd dsf,asdf,
0524,Bryan Tetsadong Marceau,Mbeumo,
0514,Bryan Tetsadong Marceau,Mbeumo,
0523,Emily Rose,Sebastien,
0510ES,Eremey,Sidorov,
0509,FirstTestName MiddleTestName,LastTestName,
2462629,haider,naseem,
0515,Jason M.,Doe,
2161,John,Doe,
0512123456,John,Doe,
0519234567,Kalin,Bhai,
0511,Kamal Malliga,Subramani,
0522,Karthik,N,
0518,Marcus Monster,Rashford,
0521,Marcus Monster,Rashford,
0527678,miss aayushi,goyal,
0528876568,Rajesh,Kumar,
0516345,tetsing me,ok,
0508445,tetsing a,name,
0526,wdf wedf,wedf,
